/*
 Navicat Premium Data Transfer

 Source Server         : localhost
 Source Server Type    : MySQL
 Source Server Version : 100138
 Source Host           : 127.0.0.1:3306
 Source Schema         : social_network

 Target Server Type    : MySQL
 Target Server Version : 100138
 File Encoding         : 65001

 Date: 14/02/2020 07:53:23
*/

SET NAMES utf8mb4;
SET FOREIGN_KEY_CHECKS = 0;

-- ----------------------------
-- Table structure for background
-- ----------------------------
DROP TABLE IF EXISTS `background`;
CREATE TABLE `background`  (
  `ID` int(11) NOT NULL AUTO_INCREMENT,
  `user_id` int(11) NULL DEFAULT NULL,
  `background_path` varchar(45) CHARACTER SET utf8 COLLATE utf8_general_ci NULL DEFAULT NULL,
  `active` varchar(255) CHARACTER SET utf8 COLLATE utf8_general_ci NULL DEFAULT NULL,
  PRIMARY KEY (`ID`) USING BTREE,
  INDEX `user_id_idx`(`user_id`) USING BTREE,
  CONSTRAINT `user_id` FOREIGN KEY (`user_id`) REFERENCES `users` (`ID`) ON DELETE NO ACTION ON UPDATE NO ACTION
) ENGINE = InnoDB AUTO_INCREMENT = 6 CHARACTER SET = utf8 COLLATE = utf8_general_ci ROW_FORMAT = Compact;

-- ----------------------------
-- Records of background
-- ----------------------------
INSERT INTO `background` VALUES (1, 1, '', '0');
INSERT INTO `background` VALUES (2, 2, '', '0');
INSERT INTO `background` VALUES (3, 2, '1581649041511131', '1');
INSERT INTO `background` VALUES (4, 1, '1581649723728949', '0');
INSERT INTO `background` VALUES (5, 1, '1581649801347', '1');

-- ----------------------------
-- Table structure for comments
-- ----------------------------
DROP TABLE IF EXISTS `comments`;
CREATE TABLE `comments`  (
  `ID` int(11) NOT NULL AUTO_INCREMENT,
  `post_id` int(11) NULL DEFAULT NULL,
  `user_id` int(11) NULL DEFAULT NULL,
  `comment` varchar(1000) CHARACTER SET utf8 COLLATE utf8_general_ci NULL DEFAULT NULL,
  `time` timestamp(0) NULL DEFAULT CURRENT_TIMESTAMP ON UPDATE CURRENT_TIMESTAMP(0),
  PRIMARY KEY (`ID`) USING BTREE,
  INDEX `post_id`(`post_id`) USING BTREE,
  INDEX `user_id`(`user_id`) USING BTREE,
  CONSTRAINT `comments_ibfk_1` FOREIGN KEY (`post_id`) REFERENCES `posts` (`ID`) ON DELETE CASCADE ON UPDATE CASCADE,
  CONSTRAINT `comments_ibfk_2` FOREIGN KEY (`user_id`) REFERENCES `users` (`ID`) ON DELETE CASCADE ON UPDATE CASCADE
) ENGINE = InnoDB AUTO_INCREMENT = 5 CHARACTER SET = utf8 COLLATE = utf8_general_ci ROW_FORMAT = Compact;

-- ----------------------------
-- Records of comments
-- ----------------------------
INSERT INTO `comments` VALUES (1, 1, 1, 'Many desktop publishing packages and web page editors now use Lorem Ipsum as their default model text, and a search for \'lorem ipsum\' will uncover many web sites still in their infancy. Various versions have evolved over the years, sometimes by accident, ', '2020-02-14 07:13:13');
INSERT INTO `comments` VALUES (2, 1, 2, 'Bonorum et Malorum&quot; (The Extremes of Good and Evil) by Cicero, written in 45 BC. This book is a treatise on the theory of ethics, very popular during the Renaissance. The first line of Lorem Ipsum, «Lorem ipsum dolor sit amet..», comes from a line in section 1.10.32.', '2020-02-14 07:16:01');
INSERT INTO `comments` VALUES (3, 1, 1, 'Contrary to popular belief, Lorem Ipsum is not simply random text.', '2020-02-14 07:16:21');
INSERT INTO `comments` VALUES (4, 4, 2, 'Quis autem vel eum iure reprehenderit qui in ea voluptate velit esse quam nihil molestiae consequatur, vel illum qui dolorem eum fugiat quo voluptas nulla pariatur?»', '2020-02-14 07:38:42');

-- ----------------------------
-- Table structure for friends
-- ----------------------------
DROP TABLE IF EXISTS `friends`;
CREATE TABLE `friends`  (
  `ID` int(11) NOT NULL AUTO_INCREMENT,
  `user_id` int(11) NULL DEFAULT NULL,
  `friend_id` int(11) NULL DEFAULT NULL,
  `active` varchar(255) CHARACTER SET utf8 COLLATE utf8_general_ci NULL DEFAULT '0',
  PRIMARY KEY (`ID`) USING BTREE,
  INDEX `user_id`(`user_id`) USING BTREE,
  INDEX `friend_id`(`friend_id`) USING BTREE,
  CONSTRAINT `friends_ibfk_2` FOREIGN KEY (`friend_id`) REFERENCES `users` (`ID`) ON DELETE CASCADE ON UPDATE CASCADE
) ENGINE = InnoDB AUTO_INCREMENT = 2 CHARACTER SET = utf8 COLLATE = utf8_general_ci ROW_FORMAT = Compact;

-- ----------------------------
-- Records of friends
-- ----------------------------
INSERT INTO `friends` VALUES (1, 1, 2, '1');

-- ----------------------------
-- Table structure for interests
-- ----------------------------
DROP TABLE IF EXISTS `interests`;
CREATE TABLE `interests`  (
  `ID` int(11) NOT NULL AUTO_INCREMENT,
  `user_id` int(11) NULL DEFAULT NULL,
  `interest` varchar(255) CHARACTER SET utf8 COLLATE utf8_general_ci NULL DEFAULT NULL,
  PRIMARY KEY (`ID`) USING BTREE,
  INDEX `user_id`(`user_id`) USING BTREE,
  CONSTRAINT `interests_ibfk_1` FOREIGN KEY (`user_id`) REFERENCES `users` (`ID`) ON DELETE CASCADE ON UPDATE CASCADE
) ENGINE = InnoDB AUTO_INCREMENT = 5 CHARACTER SET = utf8 COLLATE = utf8_general_ci ROW_FORMAT = Compact;

-- ----------------------------
-- Records of interests
-- ----------------------------
INSERT INTO `interests` VALUES (1, 2, 'Sport');
INSERT INTO `interests` VALUES (2, 2, 'Programming');
INSERT INTO `interests` VALUES (3, 1, 'Gaming');
INSERT INTO `interests` VALUES (4, 1, 'Adventures');

-- ----------------------------
-- Table structure for messages
-- ----------------------------
DROP TABLE IF EXISTS `messages`;
CREATE TABLE `messages`  (
  `ID` int(11) NOT NULL AUTO_INCREMENT,
  `user_id` int(11) NULL DEFAULT NULL,
  `receiver_id` int(11) NULL DEFAULT NULL,
  `message` varchar(255) CHARACTER SET utf8 COLLATE utf8_general_ci NULL DEFAULT NULL,
  `time` timestamp(0) NULL DEFAULT CURRENT_TIMESTAMP ON UPDATE CURRENT_TIMESTAMP(0),
  PRIMARY KEY (`ID`) USING BTREE,
  INDEX `user_id`(`user_id`) USING BTREE,
  INDEX `receiver_id`(`receiver_id`) USING BTREE,
  CONSTRAINT `messages_ibfk_1` FOREIGN KEY (`user_id`) REFERENCES `users` (`ID`) ON DELETE CASCADE ON UPDATE CASCADE,
  CONSTRAINT `messages_ibfk_2` FOREIGN KEY (`receiver_id`) REFERENCES `users` (`ID`) ON DELETE CASCADE ON UPDATE CASCADE
) ENGINE = InnoDB AUTO_INCREMENT = 1 CHARACTER SET = utf8 COLLATE = utf8_general_ci ROW_FORMAT = Compact;

-- ----------------------------
-- Table structure for photos
-- ----------------------------
DROP TABLE IF EXISTS `photos`;
CREATE TABLE `photos`  (
  `ID` int(11) NOT NULL AUTO_INCREMENT,
  `user_id` int(11) NULL DEFAULT NULL,
  `photo_path` varchar(255) CHARACTER SET utf8 COLLATE utf8_general_ci NULL DEFAULT NULL,
  `active` varchar(255) CHARACTER SET utf8 COLLATE utf8_general_ci NULL DEFAULT '0',
  PRIMARY KEY (`ID`) USING BTREE,
  INDEX `user_id`(`user_id`) USING BTREE,
  CONSTRAINT `photos_ibfk_1` FOREIGN KEY (`user_id`) REFERENCES `users` (`ID`) ON DELETE CASCADE ON UPDATE CASCADE
) ENGINE = InnoDB AUTO_INCREMENT = 7 CHARACTER SET = utf8 COLLATE = utf8_general_ci ROW_FORMAT = Compact;

-- ----------------------------
-- Records of photos
-- ----------------------------
INSERT INTO `photos` VALUES (1, 1, 'anonymous', '0');
INSERT INTO `photos` VALUES (2, 2, 'anonymous', '0');
INSERT INTO `photos` VALUES (4, 2, '1581649145571857', '1');
INSERT INTO `photos` VALUES (5, 1, '1581649718544134', '1');
INSERT INTO `photos` VALUES (6, 1, '1581649856180338', '0');

-- ----------------------------
-- Table structure for post_dislikes
-- ----------------------------
DROP TABLE IF EXISTS `post_dislikes`;
CREATE TABLE `post_dislikes`  (
  `ID` int(11) NOT NULL AUTO_INCREMENT,
  `post_id` int(11) NULL DEFAULT NULL,
  `user_id` int(11) NULL DEFAULT NULL,
  PRIMARY KEY (`ID`) USING BTREE,
  INDEX `post_id`(`post_id`) USING BTREE,
  INDEX `user_id`(`user_id`) USING BTREE,
  CONSTRAINT `post_dislikes_ibfk_1` FOREIGN KEY (`post_id`) REFERENCES `posts` (`ID`) ON DELETE CASCADE ON UPDATE CASCADE,
  CONSTRAINT `post_dislikes_ibfk_2` FOREIGN KEY (`user_id`) REFERENCES `users` (`ID`) ON DELETE CASCADE ON UPDATE CASCADE
) ENGINE = InnoDB AUTO_INCREMENT = 1 CHARACTER SET = utf8 COLLATE = utf8_general_ci ROW_FORMAT = Compact;

-- ----------------------------
-- Table structure for post_likes
-- ----------------------------
DROP TABLE IF EXISTS `post_likes`;
CREATE TABLE `post_likes`  (
  `ID` int(11) NOT NULL AUTO_INCREMENT,
  `post_id` int(11) NULL DEFAULT NULL,
  `user_id` int(11) NULL DEFAULT NULL,
  PRIMARY KEY (`ID`) USING BTREE,
  INDEX `post_id`(`post_id`) USING BTREE,
  INDEX `user_id`(`user_id`) USING BTREE,
  CONSTRAINT `post_likes_ibfk_1` FOREIGN KEY (`post_id`) REFERENCES `posts` (`ID`) ON DELETE CASCADE ON UPDATE CASCADE,
  CONSTRAINT `post_likes_ibfk_2` FOREIGN KEY (`user_id`) REFERENCES `users` (`ID`) ON DELETE CASCADE ON UPDATE CASCADE
) ENGINE = InnoDB AUTO_INCREMENT = 4 CHARACTER SET = utf8 COLLATE = utf8_general_ci ROW_FORMAT = Compact;

-- ----------------------------
-- Records of post_likes
-- ----------------------------
INSERT INTO `post_likes` VALUES (1, 3, 2);
INSERT INTO `post_likes` VALUES (2, 1, 2);
INSERT INTO `post_likes` VALUES (3, 4, 1);

-- ----------------------------
-- Table structure for posts
-- ----------------------------
DROP TABLE IF EXISTS `posts`;
CREATE TABLE `posts`  (
  `ID` int(11) NOT NULL AUTO_INCREMENT,
  `post_description` varchar(10000) CHARACTER SET utf8 COLLATE utf8_general_ci NULL DEFAULT NULL,
  `user_id` int(11) NULL DEFAULT NULL,
  `time` timestamp(0) NULL DEFAULT CURRENT_TIMESTAMP ON UPDATE CURRENT_TIMESTAMP(0),
  `picture` varchar(255) CHARACTER SET utf8 COLLATE utf8_general_ci NULL DEFAULT NULL,
  PRIMARY KEY (`ID`) USING BTREE,
  INDEX `user_id`(`user_id`) USING BTREE,
  CONSTRAINT `posts_ibfk_1` FOREIGN KEY (`user_id`) REFERENCES `users` (`ID`) ON DELETE CASCADE ON UPDATE CASCADE
) ENGINE = InnoDB AUTO_INCREMENT = 6 CHARACTER SET = utf8 COLLATE = utf8_general_ci ROW_FORMAT = Compact;

-- ----------------------------
-- Records of posts
-- ----------------------------
INSERT INTO `posts` VALUES (1, 'It is a long established fact that a reader will be distracted by the readable content of a page when looking at its layout. The point of using Lorem Ipsum is that it has a more-or-less normal distribution of letters, as opposed to using \'Content here, content here\', making it look like readable English. Many desktop publishing packages and web page editors now use Lorem Ipsum as their default model text, and a search for \'lorem ipsum\' will uncover many web sites still in their infancy. Various versions have evolved over the years, sometimes by accident, sometimes on purpose (injected humour and the like).', 2, '2020-02-14 07:00:34', '1581649194193255');
INSERT INTO `posts` VALUES (3, '', 2, '2020-02-14 07:04:15', '158164945530770');
INSERT INTO `posts` VALUES (4, '«Sed ut perspiciatis unde omnis iste natus error sit voluptatem accusantium doloremque laudantium, totam rem aperiam, eaque ipsa quae ab illo inventore veritatis et quasi architecto beatae vitae dicta sunt explicabo. Nemo enim ipsam voluptatem quia voluptas sit aspernatur aut odit aut fugit, sed quia consequuntur magni dolores eos qui ratione voluptatem sequi nesciunt. Neque porro quisquam est, qui dolorem ipsum quia dolor sit amet, consectetur, adipisci velit, sed quia non numquam eius modi tempora incidunt ut labore et dolore magnam aliquam quaerat voluptatem. Ut enim ad minima veniam, quis nostrum exercitationem ullam corporis suscipit laboriosam, nisi ut aliquid ex ea commodi consequatur? Quis autem vel eum iure reprehenderit qui in ea voluptate velit esse quam nihil molestiae consequatur, vel illum qui dolorem eum fugiat quo voluptas nulla pariatur?»', 1, '2020-02-14 07:10:35', '1581649835630880');

-- ----------------------------
-- Table structure for requests
-- ----------------------------
DROP TABLE IF EXISTS `requests`;
CREATE TABLE `requests`  (
  `ID` int(11) NOT NULL AUTO_INCREMENT,
  `user_id` varchar(255) CHARACTER SET utf8 COLLATE utf8_general_ci NULL DEFAULT NULL,
  `friend_id` int(11) NULL DEFAULT NULL,
  `active` varchar(255) CHARACTER SET utf8 COLLATE utf8_general_ci NULL DEFAULT '0',
  PRIMARY KEY (`ID`) USING BTREE,
  INDEX `friend_id`(`friend_id`) USING BTREE,
  CONSTRAINT `requests_ibfk_1` FOREIGN KEY (`friend_id`) REFERENCES `users` (`ID`) ON DELETE CASCADE ON UPDATE CASCADE
) ENGINE = InnoDB AUTO_INCREMENT = 2 CHARACTER SET = utf8 COLLATE = utf8_general_ci ROW_FORMAT = Compact;

-- ----------------------------
-- Table structure for users
-- ----------------------------
DROP TABLE IF EXISTS `users`;
CREATE TABLE `users`  (
  `ID` int(11) NOT NULL AUTO_INCREMENT,
  `name` varchar(255) CHARACTER SET utf8 COLLATE utf8_general_ci NULL DEFAULT NULL,
  `surname` varchar(255) CHARACTER SET utf8 COLLATE utf8_general_ci NULL DEFAULT NULL,
  `email` varchar(255) CHARACTER SET utf8 COLLATE utf8_general_ci NULL DEFAULT NULL,
  `password` varchar(255) CHARACTER SET utf8 COLLATE utf8_general_ci NULL DEFAULT NULL,
  `session` varchar(255) CHARACTER SET utf8 COLLATE utf8_general_ci NULL DEFAULT NULL,
  `city` varchar(255) CHARACTER SET utf8 COLLATE utf8_general_ci NULL DEFAULT NULL,
  `country` varchar(255) CHARACTER SET utf8 COLLATE utf8_general_ci NULL DEFAULT NULL,
  `phone` varchar(255) CHARACTER SET utf8 COLLATE utf8_general_ci NULL DEFAULT NULL,
  `about` varchar(10000) CHARACTER SET utf8 COLLATE utf8_general_ci NULL DEFAULT NULL,
  `gender` varchar(255) CHARACTER SET utf8 COLLATE utf8_general_ci NULL DEFAULT NULL,
  `day` varchar(255) CHARACTER SET utf8 COLLATE utf8_general_ci NULL DEFAULT NULL,
  `month` varchar(255) CHARACTER SET utf8 COLLATE utf8_general_ci NULL DEFAULT NULL,
  `year` varchar(255) CHARACTER SET utf8 COLLATE utf8_general_ci NULL DEFAULT NULL,
  `settingsCheck` int(1) NULL DEFAULT 0,
  `online` int(1) NULL DEFAULT 0,
  PRIMARY KEY (`ID`) USING BTREE
) ENGINE = InnoDB AUTO_INCREMENT = 3 CHARACTER SET = utf8 COLLATE = utf8_general_ci ROW_FORMAT = Compact;

-- ----------------------------
-- Records of users
-- ----------------------------
INSERT INTO `users` VALUES (1, 'John', 'Legend', 'john@mail.ru', '$2y$11$4DSqiKbVHRG5HafTEhq56uWbP4tS9QS3zhwSXyI16B9jDOQUvVB.W', '158165217380817', 'California', 'USA', '888888888', '', 'male', '1', 'Mar', '1990', 1, 1);
INSERT INTO `users` VALUES (2, 'Jane', 'Dickenson', 'jane@mail.ru', '$2y$11$nf3ayMdOMrp8hlM/YLGkUOZbYEaKyCrjVPLfXUaq3vrqaqGr3XUza', '1581650976368331', 'New York', 'USA', '999999999', 'Lorem Ipsum is simply dummy text of the printing and typesetting industry. Lorem Ipsum has been the industry\'s standard dummy text ever since the 1500s, when an unknown printer took a galley of type and scrambled it to make a type specimen book. It has survived not only five centuries, but also the leap into electronic typesetting, remaining essentially unchanged. It was popularised in the 1960s with the release of Letraset sheets containing Lorem Ipsum passages, and more recently with desktop publishing software like Aldus PageMaker including versions of Lorem Ipsum.', 'male', '4', 'Apr', '1990', 1, 1);

SET FOREIGN_KEY_CHECKS = 1;
